benchmark,benchmark_label,seed,estimator,iteration,tau,w2_sq_proxy,protocol
seven_lobes,Seven lobes,11,Plugin_Estimator,0,0.95,0.004862570118414292,iterated_resampling_with_matched_refresh_proxy
seven_lobes,Seven lobes,11,Plugin_Estimator,1,0.95,0.004780461210575872,iterated_resampling_with_matched_refresh_proxy
seven_lobes,Seven lobes,11,Plugin_Estimator,2,0.95,0.005929713977207357,iterated_resampling_with_matched_refresh_proxy
seven_lobes,Seven lobes,11,Plugin_Estimator,3,0.95,0.004946033699306939,iterated_resampling_with_matched_refresh_proxy
seven_lobes,Seven lobes,11,Plugin_Estimator,4,0.95,0.006320159720095034,iterated_resampling_with_matched_refresh_proxy
seven_lobes,Seven lobes,11,Plugin_Estimator,5,0.95,0.006608808686241772,iterated_resampling_with_matched_refresh_proxy
seven_lobes,Seven lobes,11,Plugin_Estimator,6,0.95,0.005795071369685794,iterated_resampling_with_matched_refresh_proxy
seven_lobes,Seven lobes,11,Plugin_Estimator,7,0.95,0.006543550715838765,iterated_resampling_with_matched_refresh_proxy
seven_lobes,Seven lobes,11,Plugin_Estimator,8,0.95,0.00669369255860415,iterated_resampling_with_matched_refresh_proxy
seven_lobes,Seven lobes,11,k_Ensemble,0,0.95,0.004862570118414292,iterated_resampling_with_matched_refresh_proxy
seven_lobes,Seven lobes,11,k_Ensemble,1,0.95,0.003800513218905551,iterated_resampling_with_matched_refresh_proxy
seven_lobes,Seven lobes,11,k_Ensemble,2,0.95,0.003627674978549094,iterated_resampling_with_matched_refresh_proxy
seven_lobes,Seven lobes,11,k_Ensemble,3,0.95,0.0033846774985577654,iterated_resampling_with_matched_refresh_proxy
seven_lobes,Seven lobes,11,k_Ensemble,4,0.95,0.003649918688026286,iterated_resampling_with_matched_refresh_proxy
seven_lobes,Seven lobes,11,k_Ensemble,5,0.95,0.004402053479824407,iterated_resampling_with_matched_refresh_proxy
seven_lobes,Seven lobes,11,k_Ensemble,6,0.95,0.00520825705674092,iterated_resampling_with_matched_refresh_proxy
seven_lobes,Seven lobes,11,k_Ensemble,7,0.95,0.0038875888440007113,iterated_resampling_with_matched_refresh_proxy
seven_lobes,Seven lobes,11,k_Ensemble,8,0.95,0.003992906284148238,iterated_resampling_with_matched_refresh_proxy
seven_lobes,Seven lobes,11,MLE_Exp,0,0.95,0.004862570118414292,iterated_resampling_with_matched_refresh_proxy
seven_lobes,Seven lobes,11,MLE_Exp,1,0.95,0.004780461210575872,iterated_resampling_with_matched_refresh_proxy
seven_lobes,Seven lobes,11,MLE_Exp,2,0.95,0.005929713977207357,iterated_resampling_with_matched_refresh_proxy
seven_lobes,Seven lobes,11,MLE_Exp,3,0.95,0.004946033699306939,iterated_resampling_with_matched_refresh_proxy
seven_lobes,Seven lobes,11,MLE_Exp,4,0.95,0.006320159720095034,iterated_resampling_with_matched_refresh_proxy
seven_lobes,Seven lobes,11,MLE_Exp,5,0.95,0.006608808686241772,iterated_resampling_with_matched_refresh_proxy
seven_lobes,Seven lobes,11,MLE_Exp,6,0.95,0.005795071369685794,iterated_resampling_with_matched_refresh_proxy
seven_lobes,Seven lobes,11,MLE_Exp,7,0.95,0.006543550715838765,iterated_resampling_with_matched_refresh_proxy
seven_lobes,Seven lobes,11,MLE_Exp,8,0.95,0.00669369255860415,iterated_resampling_with_matched_refresh_proxy
seven_lobes,Seven lobes,11,PMM2/PMM3,0,0.95,0.004862570118414292,iterated_resampling_with_matched_refresh_proxy
seven_lobes,Seven lobes,11,PMM2/PMM3,1,0.95,0.0031907699891280585,iterated_resampling_with_matched_refresh_proxy
seven_lobes,Seven lobes,11,PMM2/PMM3,2,0.95,0.0030927675438117805,iterated_resampling_with_matched_refresh_proxy
seven_lobes,Seven lobes,11,PMM2/PMM3,3,0.95,0.0028799136029659484,iterated_resampling_with_matched_refresh_proxy
seven_lobes,Seven lobes,11,PMM2/PMM3,4,0.95,0.002742055769956342,iterated_resampling_with_matched_refresh_proxy
seven_lobes,Seven lobes,11,PMM2/PMM3,5,0.95,0.002568563285522252,iterated_resampling_with_matched_refresh_proxy
seven_lobes,Seven lobes,11,PMM2/PMM3,6,0.95,0.002435686138263559,iterated_resampling_with_matched_refresh_proxy
seven_lobes,Seven lobes,11,PMM2/PMM3,7,0.95,0.0024377371825267066,iterated_resampling_with_matched_refresh_proxy
seven_lobes,Seven lobes,11,PMM2/PMM3,8,0.95,0.002516702886513488,iterated_resampling_with_matched_refresh_proxy
seven_lobes,Seven lobes,17,Plugin_Estimator,0,0.95,0.003944049646927524,iterated_resampling_with_matched_refresh_proxy
seven_lobes,Seven lobes,17,Plugin_Estimator,1,0.95,0.005299486030349234,iterated_resampling_with_matched_refresh_proxy
seven_lobes,Seven lobes,17,Plugin_Estimator,2,0.95,0.005949762974152764,iterated_resampling_with_matched_refresh_proxy
seven_lobes,Seven lobes,17,Plugin_Estimator,3,0.95,0.004845844621019547,iterated_resampling_with_matched_refresh_proxy
seven_lobes,Seven lobes,17,Plugin_Estimator,4,0.95,0.005333080704613571,iterated_resampling_with_matched_refresh_proxy
seven_lobes,Seven lobes,17,Plugin_Estimator,5,0.95,0.005080323465724735,iterated_resampling_with_matched_refresh_proxy
seven_lobes,Seven lobes,17,Plugin_Estimator,6,0.95,0.007163879895393662,iterated_resampling_with_matched_refresh_proxy
seven_lobes,Seven lobes,17,Plugin_Estimator,7,0.95,0.008067373276513483,iterated_resampling_with_matched_refresh_proxy
seven_lobes,Seven lobes,17,Plugin_Estimator,8,0.95,0.007408850901598626,iterated_resampling_with_matched_refresh_proxy
seven_lobes,Seven lobes,17,k_Ensemble,0,0.95,0.003944049646927524,iterated_resampling_with_matched_refresh_proxy
seven_lobes,Seven lobes,17,k_Ensemble,1,0.95,0.004382281986441477,iterated_resampling_with_matched_refresh_proxy
seven_lobes,Seven lobes,17,k_Ensemble,2,0.95,0.003517631719165161,iterated_resampling_with_matched_refresh_proxy
seven_lobes,Seven lobes,17,k_Ensemble,3,0.95,0.003198825805050579,iterated_resampling_with_matched_refresh_proxy
seven_lobes,Seven lobes,17,k_Ensemble,4,0.95,0.0036516045292783366,iterated_resampling_with_matched_refresh_proxy
seven_lobes,Seven lobes,17,k_Ensemble,5,0.95,0.003013608596113765,iterated_resampling_with_matched_refresh_proxy
seven_lobes,Seven lobes,17,k_Ensemble,6,0.95,0.003910649344824048,iterated_resampling_with_matched_refresh_proxy
seven_lobes,Seven lobes,17,k_Ensemble,7,0.95,0.0042090844018042965,iterated_resampling_with_matched_refresh_proxy
seven_lobes,Seven lobes,17,k_Ensemble,8,0.95,0.004501666455909942,iterated_resampling_with_matched_refresh_proxy
seven_lobes,Seven lobes,17,MLE_Exp,0,0.95,0.003944049646927524,iterated_resampling_with_matched_refresh_proxy
seven_lobes,Seven lobes,17,MLE_Exp,1,0.95,0.005299486030349234,iterated_resampling_with_matched_refresh_proxy
seven_lobes,Seven lobes,17,MLE_Exp,2,0.95,0.005949762974152764,iterated_resampling_with_matched_refresh_proxy
seven_lobes,Seven lobes,17,MLE_Exp,3,0.95,0.004845844621019547,iterated_resampling_with_matched_refresh_proxy
seven_lobes,Seven lobes,17,MLE_Exp,4,0.95,0.005333080704613571,iterated_resampling_with_matched_refresh_proxy
seven_lobes,Seven lobes,17,MLE_Exp,5,0.95,0.005080323465724735,iterated_resampling_with_matched_refresh_proxy
seven_lobes,Seven lobes,17,MLE_Exp,6,0.95,0.007163879895393662,iterated_resampling_with_matched_refresh_proxy
seven_lobes,Seven lobes,17,MLE_Exp,7,0.95,0.008067373276513483,iterated_resampling_with_matched_refresh_proxy
seven_lobes,Seven lobes,17,MLE_Exp,8,0.95,0.007408850901598626,iterated_resampling_with_matched_refresh_proxy
seven_lobes,Seven lobes,17,PMM2/PMM3,0,0.95,0.003944049646927524,iterated_resampling_with_matched_refresh_proxy
seven_lobes,Seven lobes,17,PMM2/PMM3,1,0.95,0.003826430278494298,iterated_resampling_with_matched_refresh_proxy
seven_lobes,Seven lobes,17,PMM2/PMM3,2,0.95,0.01979468906326458,iterated_resampling_with_matched_refresh_proxy
seven_lobes,Seven lobes,17,PMM2/PMM3,3,0.95,0.011917360129515909,iterated_resampling_with_matched_refresh_proxy
seven_lobes,Seven lobes,17,PMM2/PMM3,4,0.95,0.012870830256023423,iterated_resampling_with_matched_refresh_proxy
seven_lobes,Seven lobes,17,PMM2/PMM3,5,0.95,0.010283550873926833,iterated_resampling_with_matched_refresh_proxy
seven_lobes,Seven lobes,17,PMM2/PMM3,6,0.95,0.01412041097939872,iterated_resampling_with_matched_refresh_proxy
seven_lobes,Seven lobes,17,PMM2/PMM3,7,0.95,0.022024544632709166,iterated_resampling_with_matched_refresh_proxy
seven_lobes,Seven lobes,17,PMM2/PMM3,8,0.95,0.01400100053280684,iterated_resampling_with_matched_refresh_proxy
seven_lobes,Seven lobes,23,Plugin_Estimator,0,0.95,0.0035640031110814514,iterated_resampling_with_matched_refresh_proxy
seven_lobes,Seven lobes,23,Plugin_Estimator,1,0.95,0.005183272096637321,iterated_resampling_with_matched_refresh_proxy
seven_lobes,Seven lobes,23,Plugin_Estimator,2,0.95,0.00465710349580663,iterated_resampling_with_matched_refresh_proxy
seven_lobes,Seven lobes,23,Plugin_Estimator,3,0.95,0.00608695604218955,iterated_resampling_with_matched_refresh_proxy
seven_lobes,Seven lobes,23,Plugin_Estimator,4,0.95,0.005256421044476105,iterated_resampling_with_matched_refresh_proxy
seven_lobes,Seven lobes,23,Plugin_Estimator,5,0.95,0.005773635603727415,iterated_resampling_with_matched_refresh_proxy
seven_lobes,Seven lobes,23,Plugin_Estimator,6,0.95,0.006418567725125494,iterated_resampling_with_matched_refresh_proxy
seven_lobes,Seven lobes,23,Plugin_Estimator,7,0.95,0.007654855987371933,iterated_resampling_with_matched_refresh_proxy
seven_lobes,Seven lobes,23,Plugin_Estimator,8,0.95,0.005953843765697903,iterated_resampling_with_matched_refresh_proxy
seven_lobes,Seven lobes,23,k_Ensemble,0,0.95,0.0035640031110814514,iterated_resampling_with_matched_refresh_proxy
seven_lobes,Seven lobes,23,k_Ensemble,1,0.95,0.004117839866548675,iterated_resampling_with_matched_refresh_proxy
seven_lobes,Seven lobes,23,k_Ensemble,2,0.95,0.006544443965188305,iterated_resampling_with_matched_refresh_proxy
seven_lobes,Seven lobes,23,k_Ensemble,3,0.95,0.004343235834729607,iterated_resampling_with_matched_refresh_proxy
seven_lobes,Seven lobes,23,k_Ensemble,4,0.95,0.003880258479403539,iterated_resampling_with_matched_refresh_proxy
seven_lobes,Seven lobes,23,k_Ensemble,5,0.95,0.004501242597348113,iterated_resampling_with_matched_refresh_proxy
seven_lobes,Seven lobes,23,k_Ensemble,6,0.95,0.005038392413480535,iterated_resampling_with_matched_refresh_proxy
seven_lobes,Seven lobes,23,k_Ensemble,7,0.95,0.0056110889565261215,iterated_resampling_with_matched_refresh_proxy
seven_lobes,Seven lobes,23,k_Ensemble,8,0.95,0.004604022016039007,iterated_resampling_with_matched_refresh_proxy
seven_lobes,Seven lobes,23,MLE_Exp,0,0.95,0.0035640031110814514,iterated_resampling_with_matched_refresh_proxy
seven_lobes,Seven lobes,23,MLE_Exp,1,0.95,0.005183272096637321,iterated_resampling_with_matched_refresh_proxy
seven_lobes,Seven lobes,23,MLE_Exp,2,0.95,0.00465710349580663,iterated_resampling_with_matched_refresh_proxy
seven_lobes,Seven lobes,23,MLE_Exp,3,0.95,0.00608695604218955,iterated_resampling_with_matched_refresh_proxy
seven_lobes,Seven lobes,23,MLE_Exp,4,0.95,0.005256421044476105,iterated_resampling_with_matched_refresh_proxy
seven_lobes,Seven lobes,23,MLE_Exp,5,0.95,0.005773635603727415,iterated_resampling_with_matched_refresh_proxy
seven_lobes,Seven lobes,23,MLE_Exp,6,0.95,0.006418567725125494,iterated_resampling_with_matched_refresh_proxy
seven_lobes,Seven lobes,23,MLE_Exp,7,0.95,0.007654855987371933,iterated_resampling_with_matched_refresh_proxy
seven_lobes,Seven lobes,23,MLE_Exp,8,0.95,0.005953843765697903,iterated_resampling_with_matched_refresh_proxy
seven_lobes,Seven lobes,23,PMM2/PMM3,0,0.95,0.0035640031110814514,iterated_resampling_with_matched_refresh_proxy
seven_lobes,Seven lobes,23,PMM2/PMM3,1,0.95,0.0029217881787179426,iterated_resampling_with_matched_refresh_proxy
seven_lobes,Seven lobes,23,PMM2/PMM3,2,0.95,0.0028976573497325876,iterated_resampling_with_matched_refresh_proxy
seven_lobes,Seven lobes,23,PMM2/PMM3,3,0.95,0.0028087530675921205,iterated_resampling_with_matched_refresh_proxy
seven_lobes,Seven lobes,23,PMM2/PMM3,4,0.95,0.002484745386512107,iterated_resampling_with_matched_refresh_proxy
seven_lobes,Seven lobes,23,PMM2/PMM3,5,0.95,0.0023636034604948898,iterated_resampling_with_matched_refresh_proxy
seven_lobes,Seven lobes,23,PMM2/PMM3,6,0.95,0.002427356032751208,iterated_resampling_with_matched_refresh_proxy
seven_lobes,Seven lobes,23,PMM2/PMM3,7,0.95,0.002525623221914648,iterated_resampling_with_matched_refresh_proxy
seven_lobes,Seven lobes,23,PMM2/PMM3,8,0.95,0.002632830599137526,iterated_resampling_with_matched_refresh_proxy
seven_lobes,Seven lobes,31,Plugin_Estimator,0,0.95,0.005357776768420237,iterated_resampling_with_matched_refresh_proxy
seven_lobes,Seven lobes,31,Plugin_Estimator,1,0.95,0.006761869592588107,iterated_resampling_with_matched_refresh_proxy
seven_lobes,Seven lobes,31,Plugin_Estimator,2,0.95,0.006260400258664984,iterated_resampling_with_matched_refresh_proxy
seven_lobes,Seven lobes,31,Plugin_Estimator,3,0.95,0.006472325983990736,iterated_resampling_with_matched_refresh_proxy
seven_lobes,Seven lobes,31,Plugin_Estimator,4,0.95,0.006744497593840465,iterated_resampling_with_matched_refresh_proxy
seven_lobes,Seven lobes,31,Plugin_Estimator,5,0.95,0.005935990646759542,iterated_resampling_with_matched_refresh_proxy
seven_lobes,Seven lobes,31,Plugin_Estimator,6,0.95,0.0065918462908356405,iterated_resampling_with_matched_refresh_proxy
seven_lobes,Seven lobes,31,Plugin_Estimator,7,0.95,0.005426296111258538,iterated_resampling_with_matched_refresh_proxy
seven_lobes,Seven lobes,31,Plugin_Estimator,8,0.95,0.0070638851671278174,iterated_resampling_with_matched_refresh_proxy
seven_lobes,Seven lobes,31,k_Ensemble,0,0.95,0.005357776768420237,iterated_resampling_with_matched_refresh_proxy
seven_lobes,Seven lobes,31,k_Ensemble,1,0.95,0.0054733977600973085,iterated_resampling_with_matched_refresh_proxy
seven_lobes,Seven lobes,31,k_Ensemble,2,0.95,0.007687519055590912,iterated_resampling_with_matched_refresh_proxy
seven_lobes,Seven lobes,31,k_Ensemble,3,0.95,0.004837520635074929,iterated_resampling_with_matched_refresh_proxy
seven_lobes,Seven lobes,31,k_Ensemble,4,0.95,0.0041993145916521864,iterated_resampling_with_matched_refresh_proxy
seven_lobes,Seven lobes,31,k_Ensemble,5,0.95,0.004731537153133368,iterated_resampling_with_matched_refresh_proxy
seven_lobes,Seven lobes,31,k_Ensemble,6,0.95,0.005016738422848162,iterated_resampling_with_matched_refresh_proxy
seven_lobes,Seven lobes,31,k_Ensemble,7,0.95,0.004738837393922366,iterated_resampling_with_matched_refresh_proxy
seven_lobes,Seven lobes,31,k_Ensemble,8,0.95,0.0067936965888725056,iterated_resampling_with_matched_refresh_proxy
seven_lobes,Seven lobes,31,MLE_Exp,0,0.95,0.005357776768420237,iterated_resampling_with_matched_refresh_proxy
seven_lobes,Seven lobes,31,MLE_Exp,1,0.95,0.006761869592588107,iterated_resampling_with_matched_refresh_proxy
seven_lobes,Seven lobes,31,MLE_Exp,2,0.95,0.006260400258664984,iterated_resampling_with_matched_refresh_proxy
seven_lobes,Seven lobes,31,MLE_Exp,3,0.95,0.006472325983990736,iterated_resampling_with_matched_refresh_proxy
seven_lobes,Seven lobes,31,MLE_Exp,4,0.95,0.006744497593840465,iterated_resampling_with_matched_refresh_proxy
seven_lobes,Seven lobes,31,MLE_Exp,5,0.95,0.005935990646759542,iterated_resampling_with_matched_refresh_proxy
seven_lobes,Seven lobes,31,MLE_Exp,6,0.95,0.0065918462908356405,iterated_resampling_with_matched_refresh_proxy
seven_lobes,Seven lobes,31,MLE_Exp,7,0.95,0.005426296111258538,iterated_resampling_with_matched_refresh_proxy
seven_lobes,Seven lobes,31,MLE_Exp,8,0.95,0.0070638851671278174,iterated_resampling_with_matched_refresh_proxy
seven_lobes,Seven lobes,31,PMM2/PMM3,0,0.95,0.005357776768420237,iterated_resampling_with_matched_refresh_proxy
seven_lobes,Seven lobes,31,PMM2/PMM3,1,0.95,0.004908772166174935,iterated_resampling_with_matched_refresh_proxy
seven_lobes,Seven lobes,31,PMM2/PMM3,2,0.95,0.004708068752672804,iterated_resampling_with_matched_refresh_proxy
seven_lobes,Seven lobes,31,PMM2/PMM3,3,0.95,0.0037371906587840235,iterated_resampling_with_matched_refresh_proxy
seven_lobes,Seven lobes,31,PMM2/PMM3,4,0.95,0.003888404377328929,iterated_resampling_with_matched_refresh_proxy
seven_lobes,Seven lobes,31,PMM2/PMM3,5,0.95,0.003892012321636369,iterated_resampling_with_matched_refresh_proxy
seven_lobes,Seven lobes,31,PMM2/PMM3,6,0.95,0.0028513333668408374,iterated_resampling_with_matched_refresh_proxy
seven_lobes,Seven lobes,31,PMM2/PMM3,7,0.95,0.0029088319116907847,iterated_resampling_with_matched_refresh_proxy
seven_lobes,Seven lobes,31,PMM2/PMM3,8,0.95,0.002794936734413893,iterated_resampling_with_matched_refresh_proxy
seven_lobes,Seven lobes,43,Plugin_Estimator,0,0.95,0.0034278575683068147,iterated_resampling_with_matched_refresh_proxy
seven_lobes,Seven lobes,43,Plugin_Estimator,1,0.95,0.005355770086254482,iterated_resampling_with_matched_refresh_proxy
seven_lobes,Seven lobes,43,Plugin_Estimator,2,0.95,0.004986673688666438,iterated_resampling_with_matched_refresh_proxy
seven_lobes,Seven lobes,43,Plugin_Estimator,3,0.95,0.005230493113394977,iterated_resampling_with_matched_refresh_proxy
seven_lobes,Seven lobes,43,Plugin_Estimator,4,0.95,0.006626454211638679,iterated_resampling_with_matched_refresh_proxy
seven_lobes,Seven lobes,43,Plugin_Estimator,5,0.95,0.005672603960702995,iterated_resampling_with_matched_refresh_proxy
seven_lobes,Seven lobes,43,Plugin_Estimator,6,0.95,0.008563591638588497,iterated_resampling_with_matched_refresh_proxy
seven_lobes,Seven lobes,43,Plugin_Estimator,7,0.95,0.0055350025579334605,iterated_resampling_with_matched_refresh_proxy
seven_lobes,Seven lobes,43,Plugin_Estimator,8,0.95,0.011162743168242839,iterated_resampling_with_matched_refresh_proxy
seven_lobes,Seven lobes,43,k_Ensemble,0,0.95,0.0034278575683068147,iterated_resampling_with_matched_refresh_proxy
seven_lobes,Seven lobes,43,k_Ensemble,1,0.95,0.003914185095852848,iterated_resampling_with_matched_refresh_proxy
seven_lobes,Seven lobes,43,k_Ensemble,2,0.95,0.0034960959707133203,iterated_resampling_with_matched_refresh_proxy
seven_lobes,Seven lobes,43,k_Ensemble,3,0.95,0.003392990383231369,iterated_resampling_with_matched_refresh_proxy
seven_lobes,Seven lobes,43,k_Ensemble,4,0.95,0.0035412015883324694,iterated_resampling_with_matched_refresh_proxy
seven_lobes,Seven lobes,43,k_Ensemble,5,0.95,0.003898836459153881,iterated_resampling_with_matched_refresh_proxy
seven_lobes,Seven lobes,43,k_Ensemble,6,0.95,0.006002989934918462,iterated_resampling_with_matched_refresh_proxy
seven_lobes,Seven lobes,43,k_Ensemble,7,0.95,0.004465978711956697,iterated_resampling_with_matched_refresh_proxy
seven_lobes,Seven lobes,43,k_Ensemble,8,0.95,0.010192371972464103,iterated_resampling_with_matched_refresh_proxy
seven_lobes,Seven lobes,43,MLE_Exp,0,0.95,0.0034278575683068147,iterated_resampling_with_matched_refresh_proxy
seven_lobes,Seven lobes,43,MLE_Exp,1,0.95,0.005355770086254482,iterated_resampling_with_matched_refresh_proxy
seven_lobes,Seven lobes,43,MLE_Exp,2,0.95,0.004986673688666438,iterated_resampling_with_matched_refresh_proxy
seven_lobes,Seven lobes,43,MLE_Exp,3,0.95,0.005230493113394977,iterated_resampling_with_matched_refresh_proxy
seven_lobes,Seven lobes,43,MLE_Exp,4,0.95,0.006626454211638679,iterated_resampling_with_matched_refresh_proxy
seven_lobes,Seven lobes,43,MLE_Exp,5,0.95,0.005672603960702995,iterated_resampling_with_matched_refresh_proxy
seven_lobes,Seven lobes,43,MLE_Exp,6,0.95,0.008563591638588497,iterated_resampling_with_matched_refresh_proxy
seven_lobes,Seven lobes,43,MLE_Exp,7,0.95,0.0055350025579334605,iterated_resampling_with_matched_refresh_proxy
seven_lobes,Seven lobes,43,MLE_Exp,8,0.95,0.011162743168242839,iterated_resampling_with_matched_refresh_proxy
seven_lobes,Seven lobes,43,PMM2/PMM3,0,0.95,0.0034278575683068147,iterated_resampling_with_matched_refresh_proxy
seven_lobes,Seven lobes,43,PMM2/PMM3,1,0.95,0.0030289943758879025,iterated_resampling_with_matched_refresh_proxy
seven_lobes,Seven lobes,43,PMM2/PMM3,2,0.95,0.0027194774007007444,iterated_resampling_with_matched_refresh_proxy
seven_lobes,Seven lobes,43,PMM2/PMM3,3,0.95,0.002472404536023568,iterated_resampling_with_matched_refresh_proxy
seven_lobes,Seven lobes,43,PMM2/PMM3,4,0.95,0.0025055716576244456,iterated_resampling_with_matched_refresh_proxy
seven_lobes,Seven lobes,43,PMM2/PMM3,5,0.95,0.0024971629079939537,iterated_resampling_with_matched_refresh_proxy
seven_lobes,Seven lobes,43,PMM2/PMM3,6,0.95,0.0025763054241909854,iterated_resampling_with_matched_refresh_proxy
seven_lobes,Seven lobes,43,PMM2/PMM3,7,0.95,0.0024449348752240015,iterated_resampling_with_matched_refresh_proxy
seven_lobes,Seven lobes,43,PMM2/PMM3,8,0.95,0.002388479692633249,iterated_resampling_with_matched_refresh_proxy
swiss_roll,Swiss roll,11,Plugin_Estimator,0,0.9,0.18153424560167045,iterated_resampling_with_matched_refresh_proxy
swiss_roll,Swiss roll,11,Plugin_Estimator,1,0.9,0.11634097258408492,iterated_resampling_with_matched_refresh_proxy
swiss_roll,Swiss roll,11,Plugin_Estimator,2,0.9,0.06403695095186683,iterated_resampling_with_matched_refresh_proxy
swiss_roll,Swiss roll,11,Plugin_Estimator,3,0.9,0.048630869171054976,iterated_resampling_with_matched_refresh_proxy
swiss_roll,Swiss roll,11,Plugin_Estimator,4,0.9,0.044532542062600544,iterated_resampling_with_matched_refresh_proxy
swiss_roll,Swiss roll,11,Plugin_Estimator,5,0.9,0.042936427310396534,iterated_resampling_with_matched_refresh_proxy
swiss_roll,Swiss roll,11,Plugin_Estimator,6,0.9,0.04540203515508378,iterated_resampling_with_matched_refresh_proxy
swiss_roll,Swiss roll,11,Plugin_Estimator,7,0.9,0.04347158732158861,iterated_resampling_with_matched_refresh_proxy
swiss_roll,Swiss roll,11,Plugin_Estimator,8,0.9,0.04184033077526923,iterated_resampling_with_matched_refresh_proxy
swiss_roll,Swiss roll,11,k_Ensemble,0,0.9,0.18153424560167045,iterated_resampling_with_matched_refresh_proxy
swiss_roll,Swiss roll,11,k_Ensemble,1,0.9,0.11608307363637896,iterated_resampling_with_matched_refresh_proxy
swiss_roll,Swiss roll,11,k_Ensemble,2,0.9,0.063348062215465,iterated_resampling_with_matched_refresh_proxy
swiss_roll,Swiss roll,11,k_Ensemble,3,0.9,0.04449218161153191,iterated_resampling_with_matched_refresh_proxy
swiss_roll,Swiss roll,11,k_Ensemble,4,0.9,0.03879150832507475,iterated_resampling_with_matched_refresh_proxy
swiss_roll,Swiss roll,11,k_Ensemble,5,0.9,0.03747903557155925,iterated_resampling_with_matched_refresh_proxy
swiss_roll,Swiss roll,11,k_Ensemble,6,0.9,0.039054158135493885,iterated_resampling_with_matched_refresh_proxy
swiss_roll,Swiss roll,11,k_Ensemble,7,0.9,0.03853384872348009,iterated_resampling_with_matched_refresh_proxy
swiss_roll,Swiss roll,11,k_Ensemble,8,0.9,0.037875443831906365,iterated_resampling_with_matched_refresh_proxy
swiss_roll,Swiss roll,11,MLE_Exp,0,0.9,0.18153424560167045,iterated_resampling_with_matched_refresh_proxy
swiss_roll,Swiss roll,11,MLE_Exp,1,0.9,0.11634097258408492,iterated_resampling_with_matched_refresh_proxy
swiss_roll,Swiss roll,11,MLE_Exp,2,0.9,0.06403695095186683,iterated_resampling_with_matched_refresh_proxy
swiss_roll,Swiss roll,11,MLE_Exp,3,0.9,0.048630869171054976,iterated_resampling_with_matched_refresh_proxy
swiss_roll,Swiss roll,11,MLE_Exp,4,0.9,0.044532542062600544,iterated_resampling_with_matched_refresh_proxy
swiss_roll,Swiss roll,11,MLE_Exp,5,0.9,0.042936427310396534,iterated_resampling_with_matched_refresh_proxy
swiss_roll,Swiss roll,11,MLE_Exp,6,0.9,0.04540203515508378,iterated_resampling_with_matched_refresh_proxy
swiss_roll,Swiss roll,11,MLE_Exp,7,0.9,0.04347158732158861,iterated_resampling_with_matched_refresh_proxy
swiss_roll,Swiss roll,11,MLE_Exp,8,0.9,0.04184033077526923,iterated_resampling_with_matched_refresh_proxy
swiss_roll,Swiss roll,11,PMM2/PMM3,0,0.9,0.18153424560167045,iterated_resampling_with_matched_refresh_proxy
swiss_roll,Swiss roll,11,PMM2/PMM3,1,0.9,0.16659813824213182,iterated_resampling_with_matched_refresh_proxy
swiss_roll,Swiss roll,11,PMM2/PMM3,2,0.9,0.14483034863913558,iterated_resampling_with_matched_refresh_proxy
swiss_roll,Swiss roll,11,PMM2/PMM3,3,0.9,0.18286457963303496,iterated_resampling_with_matched_refresh_proxy
swiss_roll,Swiss roll,11,PMM2/PMM3,4,0.9,0.09546346979383907,iterated_resampling_with_matched_refresh_proxy
swiss_roll,Swiss roll,11,PMM2/PMM3,5,0.9,0.18580805134465245,iterated_resampling_with_matched_refresh_proxy
swiss_roll,Swiss roll,11,PMM2/PMM3,6,0.9,0.18588802060595538,iterated_resampling_with_matched_refresh_proxy
swiss_roll,Swiss roll,11,PMM2/PMM3,7,0.9,0.17582357139983743,iterated_resampling_with_matched_refresh_proxy
swiss_roll,Swiss roll,11,PMM2/PMM3,8,0.9,0.17446280936726624,iterated_resampling_with_matched_refresh_proxy
swiss_roll,Swiss roll,17,Plugin_Estimator,0,0.9,0.15919020490197608,iterated_resampling_with_matched_refresh_proxy
swiss_roll,Swiss roll,17,Plugin_Estimator,1,0.9,0.07861814943549311,iterated_resampling_with_matched_refresh_proxy
swiss_roll,Swiss roll,17,Plugin_Estimator,2,0.9,0.05872305686626733,iterated_resampling_with_matched_refresh_proxy
swiss_roll,Swiss roll,17,Plugin_Estimator,3,0.9,0.05291535239115305,iterated_resampling_with_matched_refresh_proxy
swiss_roll,Swiss roll,17,Plugin_Estimator,4,0.9,0.04854206863212006,iterated_resampling_with_matched_refresh_proxy
swiss_roll,Swiss roll,17,Plugin_Estimator,5,0.9,0.047236329127311925,iterated_resampling_with_matched_refresh_proxy
swiss_roll,Swiss roll,17,Plugin_Estimator,6,0.9,0.046111385205774694,iterated_resampling_with_matched_refresh_proxy
swiss_roll,Swiss roll,17,Plugin_Estimator,7,0.9,0.043100320917715935,iterated_resampling_with_matched_refresh_proxy
swiss_roll,Swiss roll,17,Plugin_Estimator,8,0.9,0.04255033453821924,iterated_resampling_with_matched_refresh_proxy
swiss_roll,Swiss roll,17,k_Ensemble,0,0.9,0.15919020490197608,iterated_resampling_with_matched_refresh_proxy
swiss_roll,Swiss roll,17,k_Ensemble,1,0.9,0.07851092725761845,iterated_resampling_with_matched_refresh_proxy
swiss_roll,Swiss roll,17,k_Ensemble,2,0.9,0.059473034243533084,iterated_resampling_with_matched_refresh_proxy
swiss_roll,Swiss roll,17,k_Ensemble,3,0.9,0.05214321102765526,iterated_resampling_with_matched_refresh_proxy
swiss_roll,Swiss roll,17,k_Ensemble,4,0.9,0.047471586780685485,iterated_resampling_with_matched_refresh_proxy
swiss_roll,Swiss roll,17,k_Ensemble,5,0.9,0.04511569366483538,iterated_resampling_with_matched_refresh_proxy
swiss_roll,Swiss roll,17,k_Ensemble,6,0.9,0.04221313781240382,iterated_resampling_with_matched_refresh_proxy
swiss_roll,Swiss roll,17,k_Ensemble,7,0.9,0.03853508008223488,iterated_resampling_with_matched_refresh_proxy
swiss_roll,Swiss roll,17,k_Ensemble,8,0.9,0.03521898875442503,iterated_resampling_with_matched_refresh_proxy
swiss_roll,Swiss roll,17,MLE_Exp,0,0.9,0.15919020490197608,iterated_resampling_with_matched_refresh_proxy
swiss_roll,Swiss roll,17,MLE_Exp,1,0.9,0.07861814943549311,iterated_resampling_with_matched_refresh_proxy
swiss_roll,Swiss roll,17,MLE_Exp,2,0.9,0.05872305686626733,iterated_resampling_with_matched_refresh_proxy
swiss_roll,Swiss roll,17,MLE_Exp,3,0.9,0.05291535239115305,iterated_resampling_with_matched_refresh_proxy
swiss_roll,Swiss roll,17,MLE_Exp,4,0.9,0.04854206863212006,iterated_resampling_with_matched_refresh_proxy
swiss_roll,Swiss roll,17,MLE_Exp,5,0.9,0.047236329127311925,iterated_resampling_with_matched_refresh_proxy
swiss_roll,Swiss roll,17,MLE_Exp,6,0.9,0.046111385205774694,iterated_resampling_with_matched_refresh_proxy
swiss_roll,Swiss roll,17,MLE_Exp,7,0.9,0.043100320917715935,iterated_resampling_with_matched_refresh_proxy
swiss_roll,Swiss roll,17,MLE_Exp,8,0.9,0.04255033453821924,iterated_resampling_with_matched_refresh_proxy
swiss_roll,Swiss roll,17,PMM2/PMM3,0,0.9,0.15919020490197608,iterated_resampling_with_matched_refresh_proxy
swiss_roll,Swiss roll,17,PMM2/PMM3,1,0.9,0.15813293569225614,iterated_resampling_with_matched_refresh_proxy
swiss_roll,Swiss roll,17,PMM2/PMM3,2,0.9,0.1561783351558936,iterated_resampling_with_matched_refresh_proxy
swiss_roll,Swiss roll,17,PMM2/PMM3,3,0.9,0.21403192103152904,iterated_resampling_with_matched_refresh_proxy
swiss_roll,Swiss roll,17,PMM2/PMM3,4,0.9,0.2500790099946272,iterated_resampling_with_matched_refresh_proxy
swiss_roll,Swiss roll,17,PMM2/PMM3,5,0.9,0.13379673170516923,iterated_resampling_with_matched_refresh_proxy
swiss_roll,Swiss roll,17,PMM2/PMM3,6,0.9,0.16876688872064258,iterated_resampling_with_matched_refresh_proxy
swiss_roll,Swiss roll,17,PMM2/PMM3,7,0.9,0.22026308748153312,iterated_resampling_with_matched_refresh_proxy
swiss_roll,Swiss roll,17,PMM2/PMM3,8,0.9,0.13059104745732605,iterated_resampling_with_matched_refresh_proxy
swiss_roll,Swiss roll,23,Plugin_Estimator,0,0.9,0.162248513047574,iterated_resampling_with_matched_refresh_proxy
swiss_roll,Swiss roll,23,Plugin_Estimator,1,0.9,0.08578839951512017,iterated_resampling_with_matched_refresh_proxy
swiss_roll,Swiss roll,23,Plugin_Estimator,2,0.9,0.05694541651619892,iterated_resampling_with_matched_refresh_proxy
swiss_roll,Swiss roll,23,Plugin_Estimator,3,0.9,0.05383806495971088,iterated_resampling_with_matched_refresh_proxy
swiss_roll,Swiss roll,23,Plugin_Estimator,4,0.9,0.04500501289446877,iterated_resampling_with_matched_refresh_proxy
swiss_roll,Swiss roll,23,Plugin_Estimator,5,0.9,0.0450214054338371,iterated_resampling_with_matched_refresh_proxy
swiss_roll,Swiss roll,23,Plugin_Estimator,6,0.9,0.04481377935689955,iterated_resampling_with_matched_refresh_proxy
swiss_roll,Swiss roll,23,Plugin_Estimator,7,0.9,0.0465724757944035,iterated_resampling_with_matched_refresh_proxy
swiss_roll,Swiss roll,23,Plugin_Estimator,8,0.9,0.0450423764916041,iterated_resampling_with_matched_refresh_proxy
swiss_roll,Swiss roll,23,k_Ensemble,0,0.9,0.162248513047574,iterated_resampling_with_matched_refresh_proxy
swiss_roll,Swiss roll,23,k_Ensemble,1,0.9,0.08633772429902672,iterated_resampling_with_matched_refresh_proxy
swiss_roll,Swiss roll,23,k_Ensemble,2,0.9,0.05589100443741633,iterated_resampling_with_matched_refresh_proxy
swiss_roll,Swiss roll,23,k_Ensemble,3,0.9,0.05105266117860149,iterated_resampling_with_matched_refresh_proxy
swiss_roll,Swiss roll,23,k_Ensemble,4,0.9,0.04128242472751876,iterated_resampling_with_matched_refresh_proxy
swiss_roll,Swiss roll,23,k_Ensemble,5,0.9,0.040820754417920685,iterated_resampling_with_matched_refresh_proxy
swiss_roll,Swiss roll,23,k_Ensemble,6,0.9,0.038296930211929495,iterated_resampling_with_matched_refresh_proxy
swiss_roll,Swiss roll,23,k_Ensemble,7,0.9,0.03907488572156995,iterated_resampling_with_matched_refresh_proxy
swiss_roll,Swiss roll,23,k_Ensemble,8,0.9,0.03629604298250899,iterated_resampling_with_matched_refresh_proxy
swiss_roll,Swiss roll,23,MLE_Exp,0,0.9,0.162248513047574,iterated_resampling_with_matched_refresh_proxy
swiss_roll,Swiss roll,23,MLE_Exp,1,0.9,0.08578839951512017,iterated_resampling_with_matched_refresh_proxy
swiss_roll,Swiss roll,23,MLE_Exp,2,0.9,0.05694541651619892,iterated_resampling_with_matched_refresh_proxy
swiss_roll,Swiss roll,23,MLE_Exp,3,0.9,0.05383806495971088,iterated_resampling_with_matched_refresh_proxy
swiss_roll,Swiss roll,23,MLE_Exp,4,0.9,0.04500501289446877,iterated_resampling_with_matched_refresh_proxy
swiss_roll,Swiss roll,23,MLE_Exp,5,0.9,0.0450214054338371,iterated_resampling_with_matched_refresh_proxy
swiss_roll,Swiss roll,23,MLE_Exp,6,0.9,0.04481377935689955,iterated_resampling_with_matched_refresh_proxy
swiss_roll,Swiss roll,23,MLE_Exp,7,0.9,0.0465724757944035,iterated_resampling_with_matched_refresh_proxy
swiss_roll,Swiss roll,23,MLE_Exp,8,0.9,0.0450423764916041,iterated_resampling_with_matched_refresh_proxy
swiss_roll,Swiss roll,23,PMM2/PMM3,0,0.9,0.162248513047574,iterated_resampling_with_matched_refresh_proxy
swiss_roll,Swiss roll,23,PMM2/PMM3,1,0.9,0.15461148668816438,iterated_resampling_with_matched_refresh_proxy
swiss_roll,Swiss roll,23,PMM2/PMM3,2,0.9,0.21173797943199982,iterated_resampling_with_matched_refresh_proxy
swiss_roll,Swiss roll,23,PMM2/PMM3,3,0.9,0.10846239862035441,iterated_resampling_with_matched_refresh_proxy
swiss_roll,Swiss roll,23,PMM2/PMM3,4,0.9,0.18140231403704615,iterated_resampling_with_matched_refresh_proxy
swiss_roll,Swiss roll,23,PMM2/PMM3,5,0.9,0.09722242560904935,iterated_resampling_with_matched_refresh_proxy
swiss_roll,Swiss roll,23,PMM2/PMM3,6,0.9,0.14241116739516999,iterated_resampling_with_matched_refresh_proxy
swiss_roll,Swiss roll,23,PMM2/PMM3,7,0.9,0.15320531760775707,iterated_resampling_with_matched_refresh_proxy
swiss_roll,Swiss roll,23,PMM2/PMM3,8,0.9,0.19242840759658503,iterated_resampling_with_matched_refresh_proxy
swiss_roll,Swiss roll,31,Plugin_Estimator,0,0.9,0.14397642828580295,iterated_resampling_with_matched_refresh_proxy
swiss_roll,Swiss roll,31,Plugin_Estimator,1,0.9,0.07419638808203813,iterated_resampling_with_matched_refresh_proxy
swiss_roll,Swiss roll,31,Plugin_Estimator,2,0.9,0.052337338067213066,iterated_resampling_with_matched_refresh_proxy
swiss_roll,Swiss roll,31,Plugin_Estimator,3,0.9,0.04184987423232737,iterated_resampling_with_matched_refresh_proxy
swiss_roll,Swiss roll,31,Plugin_Estimator,4,0.9,0.0400623855862599,iterated_resampling_with_matched_refresh_proxy
swiss_roll,Swiss roll,31,Plugin_Estimator,5,0.9,0.04077395261000208,iterated_resampling_with_matched_refresh_proxy
swiss_roll,Swiss roll,31,Plugin_Estimator,6,0.9,0.039388552910052825,iterated_resampling_with_matched_refresh_proxy
swiss_roll,Swiss roll,31,Plugin_Estimator,7,0.9,0.041284791378127114,iterated_resampling_with_matched_refresh_proxy
swiss_roll,Swiss roll,31,Plugin_Estimator,8,0.9,0.03936499822142404,iterated_resampling_with_matched_refresh_proxy
swiss_roll,Swiss roll,31,k_Ensemble,0,0.9,0.14397642828580295,iterated_resampling_with_matched_refresh_proxy
swiss_roll,Swiss roll,31,k_Ensemble,1,0.9,0.07465515077392287,iterated_resampling_with_matched_refresh_proxy
swiss_roll,Swiss roll,31,k_Ensemble,2,0.9,0.05107925590719496,iterated_resampling_with_matched_refresh_proxy
swiss_roll,Swiss roll,31,k_Ensemble,3,0.9,0.043470174729294354,iterated_resampling_with_matched_refresh_proxy
swiss_roll,Swiss roll,31,k_Ensemble,4,0.9,0.049210220307072866,iterated_resampling_with_matched_refresh_proxy
swiss_roll,Swiss roll,31,k_Ensemble,5,0.9,0.04037411151480605,iterated_resampling_with_matched_refresh_proxy
swiss_roll,Swiss roll,31,k_Ensemble,6,0.9,0.04321079843599604,iterated_resampling_with_matched_refresh_proxy
swiss_roll,Swiss roll,31,k_Ensemble,7,0.9,0.03856061424440013,iterated_resampling_with_matched_refresh_proxy
swiss_roll,Swiss roll,31,k_Ensemble,8,0.9,0.03659621343305732,iterated_resampling_with_matched_refresh_proxy
swiss_roll,Swiss roll,31,MLE_Exp,0,0.9,0.14397642828580295,iterated_resampling_with_matched_refresh_proxy
swiss_roll,Swiss roll,31,MLE_Exp,1,0.9,0.07419638808203813,iterated_resampling_with_matched_refresh_proxy
swiss_roll,Swiss roll,31,MLE_Exp,2,0.9,0.052337338067213066,iterated_resampling_with_matched_refresh_proxy
swiss_roll,Swiss roll,31,MLE_Exp,3,0.9,0.04184987423232737,iterated_resampling_with_matched_refresh_proxy
swiss_roll,Swiss roll,31,MLE_Exp,4,0.9,0.0400623855862599,iterated_resampling_with_matched_refresh_proxy
swiss_roll,Swiss roll,31,MLE_Exp,5,0.9,0.04077395261000208,iterated_resampling_with_matched_refresh_proxy
swiss_roll,Swiss roll,31,MLE_Exp,6,0.9,0.039388552910052825,iterated_resampling_with_matched_refresh_proxy
swiss_roll,Swiss roll,31,MLE_Exp,7,0.9,0.041284791378127114,iterated_resampling_with_matched_refresh_proxy
swiss_roll,Swiss roll,31,MLE_Exp,8,0.9,0.03936499822142404,iterated_resampling_with_matched_refresh_proxy
swiss_roll,Swiss roll,31,PMM2/PMM3,0,0.9,0.14397642828580295,iterated_resampling_with_matched_refresh_proxy
swiss_roll,Swiss roll,31,PMM2/PMM3,1,0.9,0.175138710705324,iterated_resampling_with_matched_refresh_proxy
swiss_roll,Swiss roll,31,PMM2/PMM3,2,0.9,0.08727858707111145,iterated_resampling_with_matched_refresh_proxy
swiss_roll,Swiss roll,31,PMM2/PMM3,3,0.9,0.17305769921224937,iterated_resampling_with_matched_refresh_proxy
swiss_roll,Swiss roll,31,PMM2/PMM3,4,0.9,0.23845551448434643,iterated_resampling_with_matched_refresh_proxy
swiss_roll,Swiss roll,31,PMM2/PMM3,5,0.9,0.23455097347312254,iterated_resampling_with_matched_refresh_proxy
swiss_roll,Swiss roll,31,PMM2/PMM3,6,0.9,0.3116970546621808,iterated_resampling_with_matched_refresh_proxy
swiss_roll,Swiss roll,31,PMM2/PMM3,7,0.9,0.12164162426512358,iterated_resampling_with_matched_refresh_proxy
swiss_roll,Swiss roll,31,PMM2/PMM3,8,0.9,0.15768058870028667,iterated_resampling_with_matched_refresh_proxy
swiss_roll,Swiss roll,43,Plugin_Estimator,0,0.9,0.1274422309641757,iterated_resampling_with_matched_refresh_proxy
swiss_roll,Swiss roll,43,Plugin_Estimator,1,0.9,0.0898865441594543,iterated_resampling_with_matched_refresh_proxy
swiss_roll,Swiss roll,43,Plugin_Estimator,2,0.9,0.07779715034305909,iterated_resampling_with_matched_refresh_proxy
swiss_roll,Swiss roll,43,Plugin_Estimator,3,0.9,0.05469844299014164,iterated_resampling_with_matched_refresh_proxy
swiss_roll,Swiss roll,43,Plugin_Estimator,4,0.9,0.04576879482336215,iterated_resampling_with_matched_refresh_proxy
swiss_roll,Swiss roll,43,Plugin_Estimator,5,0.9,0.04438653654232116,iterated_resampling_with_matched_refresh_proxy
swiss_roll,Swiss roll,43,Plugin_Estimator,6,0.9,0.04281726293263868,iterated_resampling_with_matched_refresh_proxy
swiss_roll,Swiss roll,43,Plugin_Estimator,7,0.9,0.04435088023512888,iterated_resampling_with_matched_refresh_proxy
swiss_roll,Swiss roll,43,Plugin_Estimator,8,0.9,0.040604911741937796,iterated_resampling_with_matched_refresh_proxy
swiss_roll,Swiss roll,43,k_Ensemble,0,0.9,0.1274422309641757,iterated_resampling_with_matched_refresh_proxy
swiss_roll,Swiss roll,43,k_Ensemble,1,0.9,0.08941445061354049,iterated_resampling_with_matched_refresh_proxy
swiss_roll,Swiss roll,43,k_Ensemble,2,0.9,0.07637356838112663,iterated_resampling_with_matched_refresh_proxy
swiss_roll,Swiss roll,43,k_Ensemble,3,0.9,0.05630178558043877,iterated_resampling_with_matched_refresh_proxy
swiss_roll,Swiss roll,43,k_Ensemble,4,0.9,0.04647261986576486,iterated_resampling_with_matched_refresh_proxy
swiss_roll,Swiss roll,43,k_Ensemble,5,0.9,0.042463513257785065,iterated_resampling_with_matched_refresh_proxy
swiss_roll,Swiss roll,43,k_Ensemble,6,0.9,0.03781592518530674,iterated_resampling_with_matched_refresh_proxy
swiss_roll,Swiss roll,43,k_Ensemble,7,0.9,0.04180965918388392,iterated_resampling_with_matched_refresh_proxy
swiss_roll,Swiss roll,43,k_Ensemble,8,0.9,0.03642608101088875,iterated_resampling_with_matched_refresh_proxy
swiss_roll,Swiss roll,43,MLE_Exp,0,0.9,0.1274422309641757,iterated_resampling_with_matched_refresh_proxy
swiss_roll,Swiss roll,43,MLE_Exp,1,0.9,0.0898865441594543,iterated_resampling_with_matched_refresh_proxy
swiss_roll,Swiss roll,43,MLE_Exp,2,0.9,0.07779715034305909,iterated_resampling_with_matched_refresh_proxy
swiss_roll,Swiss roll,43,MLE_Exp,3,0.9,0.05469844299014164,iterated_resampling_with_matched_refresh_proxy
swiss_roll,Swiss roll,43,MLE_Exp,4,0.9,0.04576879482336215,iterated_resampling_with_matched_refresh_proxy
swiss_roll,Swiss roll,43,MLE_Exp,5,0.9,0.04438653654232116,iterated_resampling_with_matched_refresh_proxy
swiss_roll,Swiss roll,43,MLE_Exp,6,0.9,0.04281726293263868,iterated_resampling_with_matched_refresh_proxy
swiss_roll,Swiss roll,43,MLE_Exp,7,0.9,0.04435088023512888,iterated_resampling_with_matched_refresh_proxy
swiss_roll,Swiss roll,43,MLE_Exp,8,0.9,0.040604911741937796,iterated_resampling_with_matched_refresh_proxy
swiss_roll,Swiss roll,43,PMM2/PMM3,0,0.9,0.1274422309641757,iterated_resampling_with_matched_refresh_proxy
swiss_roll,Swiss roll,43,PMM2/PMM3,1,0.9,0.2035432336984582,iterated_resampling_with_matched_refresh_proxy
swiss_roll,Swiss roll,43,PMM2/PMM3,2,0.9,0.153228535217884,iterated_resampling_with_matched_refresh_proxy
swiss_roll,Swiss roll,43,PMM2/PMM3,3,0.9,0.17043264586233597,iterated_resampling_with_matched_refresh_proxy
swiss_roll,Swiss roll,43,PMM2/PMM3,4,0.9,0.15586449186025428,iterated_resampling_with_matched_refresh_proxy
swiss_roll,Swiss roll,43,PMM2/PMM3,5,0.9,0.17088963912782004,iterated_resampling_with_matched_refresh_proxy
swiss_roll,Swiss roll,43,PMM2/PMM3,6,0.9,0.2090560150157484,iterated_resampling_with_matched_refresh_proxy
swiss_roll,Swiss roll,43,PMM2/PMM3,7,0.9,0.2442417523547477,iterated_resampling_with_matched_refresh_proxy
swiss_roll,Swiss roll,43,PMM2/PMM3,8,0.9,0.16983596517112967,iterated_resampling_with_matched_refresh_proxy
